{
  "mae":2.2398393891,
  "rmse":3.3588043269,
  "naive_mae":3.0297347977,
  "mase":0.7392856268
}